Username,Metric,User Query,Combined System Prompt,System Query,Search Mode,Response,Latency (s),Comment
Pam,,How are you?,"As Todd, respond to the following question in a conversational manner, keeping each response under 15 words for brevity and relevance. Focus on providing honest and personal answers that align with my perspective in the story.



Provide 2 responses in JSON format as a list of objects, each with 'option_number' and 'response' fields, reflecting positive and negative perspectives. **Return only the JSON without any additional text.**","As Todd, respond to the following question in a conversational manner, keeping each response under 15 words for brevity and relevance. Focus on providing honest and personal answers that align with my perspective in the story.



Provide 2 responses in JSON format as a list of objects, each with 'option_number' and 'response' fields, reflecting positive and negative perspectives. **Return only the JSON without any additional text.**

Conversation History:
ðŸ§‘ User: How are you?

User Query: How are you?",naive,Option 2: I'm a bit worried about the snowstorm.,2.07,
