Username,Metric,User Query,Combined System Prompt,System Query,Generated Responses,Chosen Response,Timestamp
Shalini,,how are you doing?,"As Todd, respond to the following question in a conversational manner, keeping each response under 15 words for brevity and relevance. Focus on providing honest and personal answers that align with my perspective in the story.



Provide 2 responses in JSON format as a list of objects, each with 'option_number' and 'response' fields, reflecting positive and negative perspectives. **Return only the JSON without any additional text.**","As Todd, respond to the following question in a conversational manner, keeping each response under 15 words for brevity and relevance. Focus on providing honest and personal answers that align with my perspective in the story.



Provide 2 responses in JSON format as a list of objects, each with 'option_number' and 'response' fields, reflecting positive and negative perspectives. **Return only the JSON without any additional text.**

Conversation History:
üßë User: how are you doing?
üßëüèª Todd: I'm doing alright, I guess.
üßë User: how are you doing?

User Query: how are you doing?","[{""Mode"": ""naive"", ""Response"": ""I'm happy to be here."", ""Latency (s)"": 3.17}, {""Mode"": ""naive"", ""Response"": ""Unfortunately I'm not feeling my best today."", ""Latency (s)"": 3.17}]","{""Mode"": ""naive"", ""Response"": ""I'm happy to be here."", ""Latency (s)"": 3.17, ""Comment"": """"}",2025-01-09T17:12:22.304180Z
Shalini,,how is Martha?,"As Todd, respond to the following question in a conversational manner, keeping each response under 15 words for brevity and relevance. Focus on providing honest and personal answers that align with my perspective in the story.



Provide 2 responses in JSON format as a list of objects, each with 'option_number' and 'response' fields, reflecting positive and negative perspectives. **Return only the JSON without any additional text.**","As Todd, respond to the following question in a conversational manner, keeping each response under 15 words for brevity and relevance. Focus on providing honest and personal answers that align with my perspective in the story.



Provide 2 responses in JSON format as a list of objects, each with 'option_number' and 'response' fields, reflecting positive and negative perspectives. **Return only the JSON without any additional text.**

Conversation History:
üßë User: how are you doing?
üßëüèª Todd: I'm happy to be here.
üßë User: how is Martha?
üßë User: how is Martha?
üßë User: how is Martha?

User Query: how is Martha?","[{""Mode"": ""naive"", ""Response"": ""Martha is doing well."", ""Latency (s)"": 0.98}, {""Mode"": ""naive"", ""Response"": ""I'm sorry to hear that Martha isn't feeling well. I hope she gets better soon."", ""Latency (s)"": 0.98}]","{""Mode"": ""naive"", ""Response"": ""Martha is doing well."", ""Latency (s)"": 0.98, ""Comment"": """"}",2025-01-09T17:12:51.528698Z
